datetime,AlbedoDown,AlbedoUp,GTI
,Avg,Avg,Avg
,W/m²,W/m²,W/m²
08/06/2026 00:00:00,-0.045,-0.1273,-0.0927
08/06/2026 00:01:00,-0.066,-0.1587,-0.126
08/06/2026 00:02:00,-0.1117,-0.1947,-0.1432
08/06/2026 00:03:00,-0.0825,-0.1749,-0.1297
08/06/2026 00:04:00,-0.0986,-0.1971,-0.153
08/06/2026 00:05:00,-0.1301,-0.2236,-0.1788
08/06/2026 00:06:00,-0.1188,-0.2273,-0.17
08/06/2026 00:07:00,-0.1181,-0.2354,-0.1841
08/06/2026 00:08:00,-0.146,-0.2365,-0.1796
08/06/2026 00:09:00,-0.0966,-0.1908,-0.1413
08/06/2026 00:10:00,-0.1626,-0.2786,-0.2368
08/06/2026 00:11:00,-0.231,-0.313,-0.2366
08/06/2026 00:12:00,-0.1546,-0.2563,-0.2001
08/06/2026 00:13:00,-0.1097,-0.2051,-0.1613
08/06/2026 00:14:00,-0.0924,-0.1752,-0.123
08/06/2026 00:15:00,-0.049,-0.1465,-0.1094
08/06/2026 00:16:00,-0.055,-0.1538,-0.1044
08/06/2026 00:17:00,-0.1117,-0.1957,-0.1535
08/06/2026 00:18:00,-0.1563,-0.2519,-0.1924
08/06/2026 00:19:00,-0.1597,-0.246,-0.1939
08/06/2026 00:20:00,-0.1359,-0.2179,-0.1603
08/06/2026 00:21:00,-0.1005,-0.1822,-0.137
08/06/2026 00:22:00,-0.0766,-0.161,-0.1118
08/06/2026 00:23:00,-0.0364,-0.126,-0.0861
08/06/2026 00:24:00,-0.0026,-0.1049,-0.0649
08/06/2026 00:25:00,-0.0265,-0.1043,-0.0674
08/06/2026 00:26:00,-0.0393,-0.1497,-0.1086
08/06/2026 00:27:00,-0.0392,-0.1276,-0.0898
08/06/2026 00:28:00,0.0255,-0.0968,-0.0588
08/06/2026 00:29:00,0.0353,-0.0841,-0.0535
08/06/2026 00:30:00,0.0676,-0.0551,-0.0351
08/06/2026 00:31:00,0.065,-0.0447,-0.0212
08/06/2026 00:32:00,0.0547,-0.0491,-0.0276
08/06/2026 00:33:00,0.0918,-0.0313,-0.0053
08/06/2026 00:34:00,0.0918,-0.0294,-0.0136
08/06/2026 00:35:00,0.0376,-0.0812,-0.0575
08/06/2026 00:36:00,0.0233,-0.0978,-0.0659
08/06/2026 00:37:00,0.0416,-0.0694,-0.0475
08/06/2026 00:38:00,0.0408,-0.0769,-0.0618
08/06/2026 00:39:00,0.0395,-0.0644,-0.0381
08/06/2026 00:40:00,0.0536,-0.0633,-0.0392
08/06/2026 00:41:00,0.0599,-0.0772,-0.0633
08/06/2026 00:42:00,0.0558,-0.0659,-0.055
08/06/2026 00:43:00,0.0736,-0.0452,-0.0204
08/06/2026 00:44:00,0.0455,-0.0514,-0.0324
08/06/2026 00:45:00,0.0764,-0.0468,-0.0204
08/06/2026 00:46:00,0.0682,-0.0457,-0.0282
08/06/2026 00:47:00,0.051,-0.0709,-0.0453
08/06/2026 00:48:00,0.0237,-0.072,-0.0459
08/06/2026 00:49:00,0.053,-0.0639,-0.0383
08/06/2026 00:50:00,0.091,-0.0338,-0.0164
08/06/2026 00:51:00,0.0842,-0.0432,-0.0274
08/06/2026 00:52:00,0.0775,-0.0537,-0.0351
08/06/2026 00:53:00,0.0578,-0.0679,-0.0465
08/06/2026 00:54:00,0.0632,-0.0618,-0.0408
08/06/2026 00:55:00,0.0817,-0.049,-0.0317
08/06/2026 00:56:00,0.0776,-0.0433,-0.0315
08/06/2026 00:57:00,0.0619,-0.052,-0.0308
08/06/2026 00:58:00,0.0698,-0.046,-0.032
08/06/2026 00:59:00,0.0281,-0.0716,-0.0612
08/06/2026 01:00:00,0.0097,-0.0836,-0.0631
08/06/2026 01:01:00,0.0516,-0.0764,-0.0636
08/06/2026 01:02:00,0.0684,-0.0854,-0.0711
08/06/2026 01:03:00,0.098,-0.0559,-0.0437
08/06/2026 01:04:00,0.0851,-0.0509,-0.0386
08/06/2026 01:05:00,0.0281,-0.0764,-0.0536
08/06/2026 01:06:00,0.046,-0.0639,-0.0495
08/06/2026 01:07:00,0.0731,-0.0399,-0.0318
08/06/2026 01:08:00,0.0142,-0.0732,-0.0476
08/06/2026 01:09:00,-0.0042,-0.0665,-0.0378
08/06/2026 01:10:00,0.0511,-0.0646,-0.0466
08/06/2026 01:11:00,0.0261,-0.0797,-0.05
08/06/2026 01:12:00,0.0717,-0.0608,-0.0454
08/06/2026 01:13:00,0.0389,-0.0861,-0.0736
08/06/2026 01:14:00,0.0188,-0.0889,-0.0616
08/06/2026 01:15:00,0.0012,-0.1077,-0.0797
08/06/2026 01:16:00,0.0324,-0.1119,-0.0889
08/06/2026 01:17:00,-0.0031,-0.1042,-0.0755
08/06/2026 01:18:00,-0.0184,-0.1143,-0.0851
08/06/2026 01:19:00,-0.0146,-0.1408,-0.1201
08/06/2026 01:20:00,0.0011,-0.1252,-0.1014
08/06/2026 01:21:00,0.0054,-0.1317,-0.1127
08/06/2026 01:22:00,-0.0477,-0.163,-0.144
08/06/2026 01:23:00,-0.0779,-0.1812,-0.1424
08/06/2026 01:24:00,-0.0579,-0.1625,-0.1266
08/06/2026 01:25:00,-0.0453,-0.1307,-0.0857
08/06/2026 01:26:00,-0.0218,-0.1105,-0.0763
08/06/2026 01:27:00,-0.0023,-0.0879,-0.06
08/06/2026 01:28:00,0.0026,-0.086,-0.062
08/06/2026 01:29:00,0.0198,-0.083,-0.0488
08/06/2026 01:30:00,0.0325,-0.0644,-0.0421
08/06/2026 01:31:00,0.0418,-0.0592,-0.0306
08/06/2026 01:32:00,0.0497,-0.0334,-0.0123
08/06/2026 01:33:00,0.122,-0.0045,0.0202
08/06/2026 01:34:00,0.0971,-0.0104,0.02
08/06/2026 01:35:00,0.0568,0.0033,0.0351
08/06/2026 01:36:00,0.1005,0.0175,0.0414
08/06/2026 01:37:00,0.094,0.0275,0.0407
08/06/2026 01:38:00,0.1041,0.0233,0.0408
08/06/2026 01:39:00,0.0939,0.0082,0.0216
08/06/2026 01:40:00,0.1296,0.0097,0.0198
08/06/2026 01:41:00,0.1249,-0.0046,0.0079
08/06/2026 01:42:00,0.118,0.0184,0.0329
08/06/2026 01:43:00,0.1252,0.0013,0.0105
08/06/2026 01:44:00,0.1136,-0.0081,0.0018
08/06/2026 01:45:00,0.0965,-0.0088,-0.003
08/06/2026 01:46:00,0.0845,-0.0203,0.0011
08/06/2026 01:47:00,0.1212,-0.032,-0.0113
08/06/2026 01:48:00,0.1145,-0.0594,-0.0543
08/06/2026 01:49:00,0.0786,-0.09,-0.0841
08/06/2026 01:50:00,0.0456,-0.0449,-0.0208
08/06/2026 01:51:00,0.0483,-0.0599,-0.0424
08/06/2026 01:52:00,0.0368,-0.0336,0.0029
08/06/2026 01:53:00,0.0535,-0.0512,-0.0222
08/06/2026 01:54:00,0.0582,-0.0815,-0.0504
08/06/2026 01:55:00,0.0674,-0.0474,-0.0218
08/06/2026 01:56:00,0.0665,-0.0847,-0.0638
08/06/2026 01:57:00,0.0476,-0.0362,-0.0072
08/06/2026 01:58:00,0.0498,-0.0624,-0.0301
08/06/2026 01:59:00,0.0562,-0.0739,-0.0714
08/06/2026 02:00:00,0.011,-0.1048,-0.0969
08/06/2026 02:01:00,0.0119,-0.0726,-0.0424
08/06/2026 02:02:00,0.0298,-0.0943,-0.0486
08/06/2026 02:03:00,0.0376,-0.0787,-0.0352
08/06/2026 02:04:00,0.0321,-0.075,-0.0401
08/06/2026 02:05:00,0.0587,-0.0998,-0.09
08/06/2026 02:06:00,0.036,-0.1685,-0.152
08/06/2026 02:07:00,0.0102,-0.1155,-0.0796
08/06/2026 02:08:00,0.0129,-0.0306,-0.0023
08/06/2026 02:09:00,0.0292,-0.0338,-0.0034
08/06/2026 02:10:00,0.059,-0.0863,-0.0769
08/06/2026 02:11:00,0.0361,-0.1205,-0.1243
08/06/2026 02:12:00,0.0251,-0.1875,-0.1866
08/06/2026 02:13:00,-0.0097,-0.2399,-0.1948
08/06/2026 02:14:00,-0.0062,-0.1891,-0.1547
08/06/2026 02:15:00,-0.011,-0.1878,-0.136
08/06/2026 02:16:00,-0.0191,-0.2278,-0.1938
08/06/2026 02:17:00,-0.0137,-0.205,-0.1557
08/06/2026 02:18:00,-0.0103,-0.1899,-0.1495
08/06/2026 02:19:00,-0.0295,-0.1745,-0.1196
08/06/2026 02:20:00,-0.0166,-0.168,-0.1489
08/06/2026 02:21:00,-0.0413,-0.2092,-0.1917
08/06/2026 02:22:00,-0.0305,-0.2069,-0.1761
08/06/2026 02:23:00,-0.0445,-0.186,-0.1419
08/06/2026 02:24:00,-0.0133,-0.1924,-0.1602
08/06/2026 02:25:00,0.0062,-0.1981,-0.171
08/06/2026 02:26:00,-0.0057,-0.1758,-0.161
08/06/2026 02:27:00,-0.0235,-0.1535,-0.1102
08/06/2026 02:28:00,-0.0183,-0.1802,-0.152
08/06/2026 02:29:00,-0.087,-0.3089,-0.2546
08/06/2026 02:30:00,-0.096,-0.2633,-0.2275
08/06/2026 02:31:00,-0.1061,-0.2592,-0.2195
08/06/2026 02:32:00,-0.1572,-0.3553,-0.3041
08/06/2026 02:33:00,-0.0843,-0.2394,-0.1748
08/06/2026 02:34:00,-0.0418,-0.1776,-0.1287
08/06/2026 02:35:00,-0.0373,-0.1864,-0.1426
08/06/2026 02:36:00,-0.0552,-0.224,-0.1766
08/06/2026 02:37:00,-0.0542,-0.1919,-0.1361
08/06/2026 02:38:00,-0.0718,-0.2161,-0.1774
08/06/2026 02:39:00,-0.1544,-0.3203,-0.274
08/06/2026 02:40:00,-0.2906,-0.4502,-0.3581
08/06/2026 02:41:00,-0.262,-0.4094,-0.3203
08/06/2026 02:42:00,-0.2439,-0.3672,-0.2969
08/06/2026 02:43:00,-0.2187,-0.3502,-0.2808
08/06/2026 02:44:00,-0.1981,-0.3055,-0.2435
08/06/2026 02:45:00,-0.1512,-0.2674,-0.2079
08/06/2026 02:46:00,-0.1482,-0.2409,-0.1796
08/06/2026 02:47:00,-0.1662,-0.2688,-0.1937
08/06/2026 02:48:00,-0.1985,-0.3192,-0.2628
08/06/2026 02:49:00,-0.2024,-0.3298,-0.2718
08/06/2026 02:50:00,-0.2631,-0.3498,-0.2786
08/06/2026 02:51:00,-0.2107,-0.2914,-0.222
08/06/2026 02:52:00,-0.2493,-0.3523,-0.2701
08/06/2026 02:53:00,-0.2188,-0.2945,-0.2298
08/06/2026 02:54:00,-0.1759,-0.2652,-0.206
08/06/2026 02:55:00,-0.1897,-0.2928,-0.2169
08/06/2026 02:56:00,-0.166,-0.2587,-0.1928
08/06/2026 02:57:00,-0.1098,-0.1965,-0.1434
08/06/2026 02:58:00,-0.0769,-0.1646,-0.1206
08/06/2026 02:59:00,-0.0619,-0.1621,-0.1145
08/06/2026 03:00:00,-0.0777,-0.1562,-0.1097
08/06/2026 03:01:00,-0.1463,-0.2363,-0.1875
08/06/2026 03:02:00,-0.1433,-0.2408,-0.1838
08/06/2026 03:03:00,-0.1694,-0.2497,-0.1929
08/06/2026 03:04:00,-0.2051,-0.3101,-0.2576
08/06/2026 03:05:00,-0.2506,-0.3167,-0.2356
08/06/2026 03:06:00,-0.154,-0.226,-0.162
08/06/2026 03:07:00,-0.1249,-0.203,-0.1482
08/06/2026 03:08:00,-0.1583,-0.2431,-0.1884
08/06/2026 03:09:00,-0.2369,-0.33,-0.2633
08/06/2026 03:10:00,-0.2114,-0.2756,-0.2084
08/06/2026 03:11:00,-0.1471,-0.2071,-0.1486
08/06/2026 03:12:00,-0.1059,-0.1872,-0.1392
08/06/2026 03:13:00,-0.132,-0.223,-0.1754
08/06/2026 03:14:00,-0.1236,-0.2015,-0.1615
08/06/2026 03:15:00,-0.1601,-0.2508,-0.1871
08/06/2026 03:16:00,-0.1106,-0.1898,-0.1419
08/06/2026 03:17:00,-0.0868,-0.1664,-0.1216
08/06/2026 03:18:00,-0.0837,-0.1651,-0.1168
08/06/2026 03:19:00,-0.1404,-0.2067,-0.1685
08/06/2026 03:20:00,-0.2161,-0.2787,-0.2231
08/06/2026 03:21:00,-0.1877,-0.259,-0.2079
08/06/2026 03:22:00,-0.1707,-0.2399,-0.1751
08/06/2026 03:23:00,-0.1383,-0.2071,-0.1599
08/06/2026 03:24:00,-0.1357,-0.2356,-0.1858
08/06/2026 03:25:00,-0.1802,-0.2925,-0.2405
08/06/2026 03:26:00,-0.2298,-0.2987,-0.2283
08/06/2026 03:27:00,-0.1731,-0.2521,-0.201
08/06/2026 03:28:00,-0.1368,-0.2133,-0.1586
08/06/2026 03:29:00,-0.1522,-0.2165,-0.1531
08/06/2026 03:30:00,-0.154,-0.0435,-0.0196
08/06/2026 03:31:00,-0.0907,0.0261,-0.0388
08/06/2026 03:32:00,-0.0274,0.0069,0.0833
08/06/2026 03:33:00,0.0543,-0.0313,0.0314
08/06/2026 03:34:00,0.0352,-0.1195,-0.0115
08/06/2026 03:35:00,0.0075,-0.1326,-0.0606
08/06/2026 03:36:00,-0.0175,-0.1414,-0.0817
08/06/2026 03:37:00,-0.0466,-0.1412,-0.1448
08/06/2026 03:38:00,-0.0009,-0.1447,-0.1064
08/06/2026 03:39:00,0.0107,-0.1099,-0.0675
08/06/2026 03:40:00,0.0156,-0.0933,-0.0567
08/06/2026 03:41:00,0.0261,-0.0948,-0.0641
08/06/2026 03:42:00,-0.0118,-0.1651,-0.1269
08/06/2026 03:43:00,-0.0433,-0.1852,-0.1423
08/06/2026 03:44:00,-0.0135,-0.1704,-0.127
08/06/2026 03:45:00,0.0057,-0.1133,-0.0737
08/06/2026 03:46:00,-0.0032,-0.1123,-0.0686
08/06/2026 03:47:00,0.0081,-0.1136,-0.0766
08/06/2026 03:48:00,0.0404,-0.1002,-0.0677
08/06/2026 03:49:00,0.0305,-0.1021,-0.0736
08/06/2026 03:50:00,0.0146,-0.1091,-0.0859
08/06/2026 03:51:00,-0.0174,-0.1296,-0.1149
08/06/2026 03:52:00,-0.0113,-0.1241,-0.0901
08/06/2026 03:53:00,0.0155,-0.1013,-0.0811
08/06/2026 03:54:00,0.0103,-0.1043,-0.073
08/06/2026 03:55:00,-0.0016,-0.1011,-0.068
08/06/2026 03:56:00,0.0351,-0.0812,-0.0599
08/06/2026 03:57:00,0.0209,-0.0974,-0.0727
08/06/2026 03:58:00,0.0125,-0.1006,-0.0686
08/06/2026 03:59:00,0.0211,-0.0752,-0.0483
08/06/2026 04:00:00,0.045,-0.059,-0.0363
08/06/2026 04:01:00,0.053,-0.0438,-0.0234
08/06/2026 04:02:00,0.1012,-0.0129,0.0048
08/06/2026 04:03:00,0.0871,-0.0129,-0.0076
08/06/2026 04:04:00,0.1349,0.0022,0.0081
08/06/2026 04:05:00,0.1021,-0.0364,-0.0196
08/06/2026 04:06:00,0.065,-0.0656,-0.0491
08/06/2026 04:07:00,0.0731,-0.04,-0.0231
08/06/2026 04:08:00,0.0781,-0.0178,-0.0055
08/06/2026 04:09:00,0.1335,-0.0113,-0.0025
08/06/2026 04:10:00,0.0809,-0.0388,-0.0257
08/06/2026 04:11:00,0.1136,-0.0194,-0.014
08/06/2026 04:12:00,0.1037,-0.0113,-0.0032
08/06/2026 04:13:00,0.154,0.0241,0.0246
08/06/2026 04:14:00,0.1716,0.0266,0.025
08/06/2026 04:15:00,0.1329,0.0082,0.016
08/06/2026 04:16:00,0.1343,0.0081,0.0194
08/06/2026 04:17:00,0.1263,0.0146,0.0214
08/06/2026 04:18:00,0.1052,-0.0271,-0.0236
08/06/2026 04:19:00,0.0336,-0.086,-0.0636
08/06/2026 04:20:00,0.0337,-0.0976,-0.0869
08/06/2026 04:21:00,0.0582,-0.0668,-0.044
08/06/2026 04:22:00,0.1165,0.0063,0.0125
08/06/2026 04:23:00,0.1419,0.0171,0.0249
08/06/2026 04:24:00,0.1275,0.0026,0.0163
08/06/2026 04:25:00,0.0818,-0.0501,-0.0455
08/06/2026 04:26:00,-0.2013,-0.3348,-0.3152
08/06/2026 04:27:00,-0.1181,-0.2205,-0.1901
08/06/2026 04:28:00,0.0944,-0.0189,0.0116
08/06/2026 04:29:00,0.1237,0.0118,0.0271
08/06/2026 04:30:00,0.0862,-0.0415,-0.0225
08/06/2026 04:31:00,0.0783,-0.0218,0.0023
08/06/2026 04:32:00,0.1249,0.005,0.0199
08/06/2026 04:33:00,0.1044,-0.0184,-0.006
08/06/2026 04:34:00,0.1291,0.0035,0.0178
08/06/2026 04:35:00,0.1484,0.0278,0.0285
08/06/2026 04:36:00,0.1366,0.0082,0.0224
08/06/2026 04:37:00,0.122,-0.0037,0.0035
08/06/2026 04:38:00,0.0707,-0.0869,-0.0704
08/06/2026 04:39:00,-0.0551,-0.1977,-0.1706
08/06/2026 04:40:00,-0.0701,-0.159,-0.1175
08/06/2026 04:41:00,0.0373,-0.0482,-0.0276
08/06/2026 04:42:00,0.1277,0.0213,0.0416
08/06/2026 04:43:00,0.0827,-0.0433,-0.0452
08/06/2026 04:44:00,-0.0795,-0.2187,-0.182
08/06/2026 04:45:00,-0.0678,-0.1495,-0.1073
08/06/2026 04:46:00,-0.0743,-0.2014,-0.1599
08/06/2026 04:47:00,-0.0466,-0.154,-0.1175
08/06/2026 04:48:00,-0.0252,-0.1378,-0.1006
08/06/2026 04:49:00,0.0101,-0.0836,-0.0553
08/06/2026 04:50:00,-0.0443,-0.1555,-0.1258
08/06/2026 04:51:00,-0.0218,-0.1377,-0.1042
08/06/2026 04:52:00,0.0702,-0.0511,-0.0223
08/06/2026 04:53:00,0.0989,-0.0418,-0.0394
08/06/2026 04:54:00,-0.0837,-0.2233,-0.1817
08/06/2026 04:55:00,-0.191,-0.3007,-0.2453
08/06/2026 04:56:00,-0.1102,-0.2253,-0.17
08/06/2026 04:57:00,-0.0203,-0.12,-0.0869
08/06/2026 04:58:00,-0.0181,-0.1582,-0.1184
08/06/2026 04:59:00,-0.0045,-0.14,-0.1195
08/06/2026 05:00:00,0.0003,-0.1113,-0.0752
08/06/2026 05:01:00,0.0328,-0.0983,-0.0758
08/06/2026 05:02:00,0.0188,-0.1378,-0.1105
08/06/2026 05:03:00,0.0241,-0.1234,-0.0928
08/06/2026 05:04:00,-0.0255,-0.1803,-0.1427
08/06/2026 05:05:00,-0.0327,-0.1309,-0.0857
08/06/2026 05:06:00,-0.015,-0.1476,-0.114
08/06/2026 05:07:00,-0.1826,-0.3481,-0.2936
08/06/2026 05:08:00,-0.1446,-0.2754,-0.2174
08/06/2026 05:09:00,-0.1118,-0.1935,-0.1338
08/06/2026 05:10:00,-0.0059,-0.1238,-0.0881
08/06/2026 05:11:00,0.0213,-0.0934,-0.0629
08/06/2026 05:12:00,0.0514,-0.0617,-0.039
08/06/2026 05:13:00,0.0055,-0.13,-0.1144
08/06/2026 05:14:00,-0.0672,-0.201,-0.1582
08/06/2026 05:15:00,-0.0549,-0.1741,-0.143
08/06/2026 05:16:00,-0.0754,-0.21,-0.1653
08/06/2026 05:17:00,-0.1223,-0.2366,-0.1864
08/06/2026 05:18:00,-0.1216,-0.2301,-0.1752
08/06/2026 05:19:00,-0.1386,-0.2458,-0.2027
08/06/2026 05:20:00,-0.1206,-0.2236,-0.1508
08/06/2026 05:21:00,-0.0839,-0.1933,-0.1531
08/06/2026 05:22:00,-0.0644,-0.1587,-0.1019
08/06/2026 05:23:00,-0.0294,-0.0933,-0.0594
08/06/2026 05:24:00,-0.0346,-0.1367,-0.1003
08/06/2026 05:25:00,-0.0153,-0.131,-0.1017
08/06/2026 05:26:00,-0.0417,-0.1503,-0.1189
08/06/2026 05:27:00,-0.0342,-0.1144,-0.0891
08/06/2026 05:28:00,0.0062,-0.0762,-0.0308
08/06/2026 05:29:00,0.0429,-0.0259,-0.0026
08/06/2026 05:30:00,0.0652,0.0035,0.0289
08/06/2026 05:31:00,0.0614,0.019,0.0443
08/06/2026 05:32:00,0.1001,0.1139,0.1225
08/06/2026 05:33:00,0.1334,0.2405,0.2547
08/06/2026 05:34:00,0.1954,0.3638,0.365
08/06/2026 05:35:00,0.2505,0.4961,0.4882
08/06/2026 05:36:00,0.3263,0.6832,0.6411
08/06/2026 05:37:00,0.3781,0.8688,0.8278
08/06/2026 05:38:00,0.4062,1.074,1.0225
08/06/2026 05:39:00,0.474,1.3717,1.2931
08/06/2026 05:40:00,0.5746,1.6712,1.5766
08/06/2026 05:41:00,0.6087,1.8475,1.7496
08/06/2026 05:42:00,0.5462,1.8269,1.7443
08/06/2026 05:43:00,0.5296,1.8909,1.8164
08/06/2026 05:44:00,0.5665,2.0609,1.9848
08/06/2026 05:45:00,0.5778,2.3028,2.2417
08/06/2026 05:46:00,0.6605,2.6131,2.5147
08/06/2026 05:47:00,0.736,2.971,2.8746
08/06/2026 05:48:00,0.8071,3.4597,3.3827
08/06/2026 05:49:00,0.9662,4.0911,3.9943
08/06/2026 05:50:00,1.2184,4.8481,4.7251
08/06/2026 05:51:00,1.4303,5.6844,5.5275
08/06/2026 05:52:00,1.6807,6.632,6.4466
08/06/2026 05:53:00,2.021,7.6774,7.4526
08/06/2026 05:54:00,2.3301,8.784,8.4968
08/06/2026 05:55:00,2.7177,9.9474,9.6198
08/06/2026 05:56:00,3.013,11.1147,10.7429
08/06/2026 05:57:00,3.4435,12.3601,11.887
08/06/2026 05:58:00,3.8498,13.7041,13.1428
08/06/2026 05:59:00,4.2283,15.0917,14.4147
08/06/2026 06:00:00,4.7727,16.5382,15.7744
08/06/2026 06:01:00,5.7521,18.2797,17.3121
08/06/2026 06:02:00,6.862,19.8618,18.6465
08/06/2026 06:03:00,7.7482,21.2143,19.8672
08/06/2026 06:04:00,8.5929,22.9764,21.0853
08/06/2026 06:05:00,8.9116,23.9563,21.712
08/06/2026 06:06:00,8.5907,24.209,22.1302
08/06/2026 06:07:00,8.0514,24.646,22.5122
08/06/2026 06:08:00,7.184,24.7503,22.6014
08/06/2026 06:09:00,6.8281,25.218,23.0689
08/06/2026 06:10:00,7.2276,26.6192,24.0227
08/06/2026 06:11:00,7.6827,28.0734,24.991
08/06/2026 06:12:00,7.8596,29.12,25.8397
08/06/2026 06:13:00,8.1621,30.4857,26.8845
08/06/2026 06:14:00,8.9178,32.8443,28.4088
08/06/2026 06:15:00,9.8995,35.7048,30.1649
08/06/2026 06:16:00,10.2217,36.9208,31.1144
08/06/2026 06:17:00,9.8876,36.4781,31.2593
08/06/2026 06:18:00,9.7511,36.3773,31.552
08/06/2026 06:19:00,9.9703,37.0981,32.2716
08/06/2026 06:20:00,10.1947,37.8093,32.9537
08/06/2026 06:21:00,10.1568,37.9193,33.272
08/06/2026 06:22:00,9.5839,36.7739,32.8017
08/06/2026 06:23:00,8.8257,35.2336,32.0908
08/06/2026 06:24:00,8.5128,34.8695,32.1199
08/06/2026 06:25:00,8.7855,35.9221,33.064
08/06/2026 06:26:00,10.1031,39.2699,35.5071
08/06/2026 06:27:00,12.4419,44.8077,39.4015
08/06/2026 06:28:00,14.3529,49.4738,42.7243
08/06/2026 06:29:00,14.8125,51.0368,43.9816
08/06/2026 06:30:00,14.3452,50.35,43.7467
08/06/2026 06:31:00,13.774,49.6083,43.5187
08/06/2026 06:32:00,13.8376,50.1696,44.1947
08/06/2026 06:33:00,14.4273,51.9806,45.7739
08/06/2026 06:34:00,15.514,55.0992,48.3509
08/06/2026 06:35:00,17.1044,59.5318,51.9316
08/06/2026 06:36:00,19.3183,65.5112,56.6922
08/06/2026 06:37:00,21.797,72.3047,62.1453
08/06/2026 06:38:00,24.3621,79.2641,67.7589
08/06/2026 06:39:00,25.9896,84.0573,71.7032
08/06/2026 06:40:00,21.4388,73.5525,64.0344
08/06/2026 06:41:00,29.8082,95.8271,81.903
08/06/2026 06:42:00,35.9635,112.3222,95.0545
08/06/2026 06:43:00,39.8448,123.3495,104.1902
08/06/2026 06:44:00,42.6379,132.3175,111.7281
08/06/2026 06:45:00,40.2146,127.5719,108.0997
08/06/2026 06:46:00,25.527,90.7285,79.2786
08/06/2026 06:47:00,24.0059,87.2298,77.1294
08/06/2026 06:48:00,40.8777,134.1346,115.939
08/06/2026 06:49:00,52.0632,165.2981,141.1234
08/06/2026 06:50:00,51.4287,166.1049,142.427
08/06/2026 06:51:00,54.097,174.3998,149.4652
08/06/2026 06:52:00,52.8988,172.4313,148.5425
08/06/2026 06:53:00,57.8433,186.9381,160.81
08/06/2026 06:54:00,58.6057,191.0323,164.6016
08/06/2026 06:55:00,58.5861,193.0657,166.7696
08/06/2026 06:56:00,57.0257,190.8384,165.2227
08/06/2026 06:57:00,53.096,179.3068,155.5293
08/06/2026 06:58:00,53.5848,182.9443,159.4647
08/06/2026 06:59:00,58.0527,197.2126,171.311
08/06/2026 07:00:00,58.0388,198.2889,172.3679
08/06/2026 07:01:00,57.8753,199.404,173.4973
08/06/2026 07:02:00,57.7689,200.4626,174.4232
08/06/2026 07:03:00,58.0666,202.6835,176.4677
08/06/2026 07:04:00,58.0861,204.8354,178.5337
08/06/2026 07:05:00,58.0155,206.3929,180.1194
08/06/2026 07:06:00,57.7068,206.0599,180.106
08/06/2026 07:07:00,58.4589,210.0565,183.9237
08/06/2026 07:08:00,62.2811,223.2941,195.5369
08/06/2026 07:09:00,66.3886,237.0173,207.5118
08/06/2026 07:10:00,68.3312,245.8038,215.3024
08/06/2026 07:11:00,69.8798,252.6291,221.4029
08/06/2026 07:12:00,71.2858,259.0261,227.3703
08/06/2026 07:13:00,66.2184,244.8558,214.7977
08/06/2026 07:14:00,35.04,141.4279,126.1792
08/06/2026 07:15:00,23.2411,101.1742,92.4181
08/06/2026 07:16:00,33.1144,136.6558,124.2123
08/06/2026 07:17:00,50.0242,194.9983,174.5999
08/06/2026 07:18:00,74.1151,279.4236,247.9837
08/06/2026 07:19:00,76.0394,286.3639,254.0396
08/06/2026 07:20:00,75.9808,287.8639,255.8762
08/06/2026 07:21:00,76.3711,291.7058,259.689
08/06/2026 07:22:00,77.3195,295.7628,263.6116
08/06/2026 07:23:00,78.1488,299.8964,267.5844
08/06/2026 07:24:00,79.0381,303.6788,271.3237
08/06/2026 07:25:00,80.0725,307.2251,274.8081
08/06/2026 07:26:00,80.5629,310.569,278.1459
08/06/2026 07:27:00,81.242,314.261,281.7858
08/06/2026 07:28:00,82.3828,318.8119,286.2
08/06/2026 07:29:00,83.3373,323.2228,290.4761
08/06/2026 07:30:00,83.7225,327.2029,294.3739
08/06/2026 07:31:00,84.8957,332.1373,299.1326
08/06/2026 07:32:00,85.9295,336.2557,303.1291
08/06/2026 07:33:00,85.8571,338.7412,305.6897
08/06/2026 07:34:00,85.411,338.9849,306.341
08/06/2026 07:35:00,84.8218,337.4752,305.304
08/06/2026 07:36:00,85.6325,339.099,307.0596
08/06/2026 07:37:00,86.5974,344.3276,312.1404
08/06/2026 07:38:00,86.9668,345.8445,313.7701
08/06/2026 07:39:00,87.5498,349.0915,317.2073
08/06/2026 07:40:00,90.3222,361.7688,328.9506
08/06/2026 07:41:00,91.0003,365.5218,332.727
08/06/2026 07:42:00,91.8286,369.8474,337.0484
08/06/2026 07:43:00,92.4415,372.7813,339.984
08/06/2026 07:44:00,92.3304,371.8297,339.4361
08/06/2026 07:45:00,92.8559,375.7743,343.3961
08/06/2026 07:46:00,93.9363,380.4799,347.9168
08/06/2026 07:47:00,95.5491,386.7082,353.8107
08/06/2026 07:48:00,95.956,390.6104,357.6532
08/06/2026 07:49:00,96.8086,394.8795,361.7705
08/06/2026 07:50:00,97.4191,398.7606,365.6324
08/06/2026 07:51:00,98.4031,403.4136,370.0442
08/06/2026 07:52:00,98.9256,407.047,373.5249
08/06/2026 07:53:00,100.1933,412.8596,378.971
08/06/2026 07:54:00,100.6913,416.0523,382.1271
08/06/2026 07:55:00,100.9174,416.859,382.6937
08/06/2026 07:56:00,95.6954,397.4955,365.3436
08/06/2026 07:57:00,98.2509,409.0481,375.7742
08/06/2026 07:58:00,77.3853,327.8048,301.2903
08/06/2026 07:59:00,52.0977,225.2881,208.273
08/06/2026 08:00:00,39.6561,173.4318,161.4569
08/06/2026 08:01:00,47.728,203.3975,189.644
08/06/2026 08:02:00,68.2086,288.9724,267.3564
08/06/2026 08:03:00,78.1625,329.4813,304.4846
08/06/2026 08:04:00,88.7987,375.7691,346.5234
08/06/2026 08:05:00,87.0231,370.9919,342.4419
08/06/2026 08:06:00,97.5075,413.7541,381.7823
08/06/2026 08:07:00,102.5712,436.3347,402.3474
08/06/2026 08:08:00,102.9937,439.337,405.3535
08/06/2026 08:09:00,100.2316,428.835,395.8169
08/06/2026 08:10:00,90.8396,392.2893,362.3682
08/06/2026 08:11:00,88.6375,382.9101,354.2837
08/06/2026 08:12:00,101.6436,434.0363,401.9318
08/06/2026 08:13:00,111.3978,476.6517,440.3846
08/06/2026 08:14:00,112.8358,486.5334,449.807
08/06/2026 08:15:00,115.6372,497.1965,459.7476
08/06/2026 08:16:00,116.7258,503.6872,465.814
08/06/2026 08:17:00,113.8767,493.8665,456.9129
08/06/2026 08:18:00,115.4932,500.7361,463.5558
08/06/2026 08:19:00,120.1836,521.0648,482.3882
08/06/2026 08:20:00,122.9871,531.364,491.8084
08/06/2026 08:21:00,123.6462,536.3731,496.6701
08/06/2026 08:22:00,124.4715,539.6514,500.0592
08/06/2026 08:23:00,124.842,542.489,503.176
08/06/2026 08:24:00,125.238,545.8114,506.6728
08/06/2026 08:25:00,125.0406,546.2005,507.3303
08/06/2026 08:26:00,125.5837,549.3488,510.3699
08/06/2026 08:27:00,126.1564,552.5828,513.7241
08/06/2026 08:28:00,126.0087,554.6817,515.9957
08/06/2026 08:29:00,126.1311,556.3367,517.6476
08/06/2026 08:30:00,126.4453,557.6623,519.1087
08/06/2026 08:31:00,127.4265,561.4687,522.8737
08/06/2026 08:32:00,128.3298,564.7122,525.7904
08/06/2026 08:33:00,128.3366,566.7391,527.9622
08/06/2026 08:34:00,128.8576,569.9853,531.143
08/06/2026 08:35:00,130.5409,578.1001,538.8994
08/06/2026 08:36:00,131.8999,584.8169,545.1529
08/06/2026 08:37:00,131.8069,584.4821,545.0918
08/06/2026 08:38:00,132.6348,587.1859,547.745
08/06/2026 08:39:00,133.0644,591.7168,552.0207
08/06/2026 08:40:00,129.9507,581.2025,542.2927
08/06/2026 08:41:00,134.1009,599.3616,559.5546
08/06/2026 08:42:00,130.4644,586.4346,547.4637
08/06/2026 08:43:00,134.9638,606.6085,566.3139
08/06/2026 08:44:00,135.6523,611.5268,571.3273
08/06/2026 08:45:00,137.9741,617.6481,576.9096
08/06/2026 08:46:00,137.9115,618.9045,578.4177
08/06/2026 08:47:00,138.5365,623.2659,582.916
08/06/2026 08:48:00,139.6454,627.927,587.3987
08/06/2026 08:49:00,138.6872,628.8772,588.2291
08/06/2026 08:50:00,139.6162,629.6198,589.1446
08/06/2026 08:51:00,140.835,634.4399,593.4446
08/06/2026 08:52:00,141.43,641.222,600.2069
08/06/2026 08:53:00,141.9827,643.9866,602.7264
08/06/2026 08:54:00,141.7541,646.3243,605.3655
08/06/2026 08:55:00,140.7933,642.4421,601.5914
08/06/2026 08:56:00,138.3065,632.255,592.5788
08/06/2026 08:57:00,138.1816,628.6788,589.2091
08/06/2026 08:58:00,140.8977,640.977,600.9278
08/06/2026 08:59:00,141.4187,646.757,606.9808
08/06/2026 09:00:00,144.7603,662.2238,621.2904
08/06/2026 09:01:00,144.1082,658.2633,617.8234
08/06/2026 09:02:00,145.2281,666.1077,625.195
08/06/2026 09:03:00,139.5515,643.2233,602.1382
08/06/2026 09:04:00,133.0653,614.6619,579.9363
08/06/2026 09:05:00,141.6378,650.4712,611.8592
08/06/2026 09:06:00,128.9798,595.3035,560.0492
08/06/2026 09:07:00,137.8591,634.8102,597.8189
08/06/2026 09:08:00,126.8853,587.9042,553.3661
08/06/2026 09:09:00,113.9253,530.8415,499.9915
08/06/2026 09:10:00,108.8134,508.9554,480.6122
08/06/2026 09:11:00,111.5651,522.6339,493.4939
08/06/2026 09:12:00,121.4791,567.0635,534.6923
08/06/2026 09:13:00,118.7422,555.9273,524.2785
08/06/2026 09:14:00,110.2328,519.6038,490.1881
08/06/2026 09:15:00,107.7941,507.0384,478.955
08/06/2026 09:16:00,120.0263,562.567,531.354
08/06/2026 09:17:00,138.0574,647.0303,610.9043
08/06/2026 09:18:00,150.0966,700.8841,661.2482
08/06/2026 09:19:00,155.1526,725.8471,684.3214
08/06/2026 09:20:00,150.3866,705.6762,665.5472
08/06/2026 09:21:00,144.2531,677.9015,639.548
08/06/2026 09:22:00,146.8279,690.8154,651.9718
08/06/2026 09:23:00,149.3852,704.7499,665.3674
08/06/2026 09:24:00,148.6121,703.9326,664.5535
08/06/2026 09:25:00,141.9013,673.8965,635.5459
08/06/2026 09:26:00,129.9555,614.6548,580.8828
08/06/2026 09:27:00,146.8389,692.5783,654.9528
08/06/2026 09:28:00,160.4594,753.1008,711.4224
08/06/2026 09:29:00,156.4856,735.0134,693.2717
08/06/2026 09:30:00,137.0658,646.3404,611.3652
08/06/2026 09:31:00,154.2215,723.8142,684.6203
08/06/2026 09:32:00,155.1457,732.9311,692.8462
08/06/2026 09:33:00,160.5791,757.2935,715.6776
08/06/2026 09:34:00,133.2201,635.6159,600.4301
08/06/2026 09:35:00,121.6988,582.0857,549.8194
08/06/2026 09:36:00,103.9556,496.4786,470.2877
08/06/2026 09:37:00,133.2616,633.2201,599.6924
08/06/2026 09:38:00,158.181,745.1616,704.0392
08/06/2026 09:39:00,161.3837,762.3345,721.6658
08/06/2026 09:40:00,153.157,725.4968,683.4193
08/06/2026 09:41:00,171.0078,809.8071,768.6016
08/06/2026 09:42:00,165.468,785.3714,743.3543
08/06/2026 09:43:00,150.006,712.0577,673.0466
08/06/2026 09:44:00,141.0757,671.7521,638.0275
08/06/2026 09:45:00,158.8542,758.4623,718.3039
08/06/2026 09:46:00,157.5754,752.0083,712.5325
08/06/2026 09:47:00,160.9728,768.6936,729.0953
08/06/2026 09:48:00,171.9429,817.814,774.2126
08/06/2026 09:49:00,118.5773,568.8838,538.6713
08/06/2026 09:50:00,125.3788,602.7401,571.764
08/06/2026 09:51:00,107.5133,515.9483,489.2925
08/06/2026 09:52:00,113.4607,546.6327,518.9306
08/06/2026 09:53:00,100.0596,489.1234,466.036
08/06/2026 09:54:00,130.3554,628.5143,597.973
08/06/2026 09:55:00,124.6798,602.9305,573.8054
08/06/2026 09:56:00,143.8563,696.1318,661.3373
08/06/2026 09:57:00,152.7897,738.2778,700.433
08/06/2026 09:58:00,146.2796,710.6986,674.2591
08/06/2026 09:59:00,145.017,701.6595,667.4782
08/06/2026 10:00:00,170.5481,821.8856,780.3858
08/06/2026 10:01:00,163.4716,789.0904,749.5529
08/06/2026 10:02:00,172.1186,825.1772,783.4922
08/06/2026 10:03:00,174.6393,836.1995,794.1068
08/06/2026 10:04:00,178.6901,856.9524,813.5437
08/06/2026 10:05:00,177.3793,853.672,810.4022
08/06/2026 10:06:00,177.9362,857.8601,814.4687
08/06/2026 10:07:00,179.5387,864.6858,820.8484
08/06/2026 10:08:00,170.4043,821.8576,779.1779
08/06/2026 10:09:00,133.2174,648.1743,615.7218
08/06/2026 10:10:00,145.7605,705.583,670.1834
08/06/2026 10:11:00,135.3181,653.5453,622.2432
08/06/2026 10:12:00,165.9356,796.2832,757.3709
08/06/2026 10:13:00,170.8246,821.4043,780.6795
08/06/2026 10:14:00,156.5431,757.422,719.1742
08/06/2026 10:15:00,160.9805,771.691,734.9323
08/06/2026 10:16:00,183.5147,879.1368,835.9598
08/06/2026 10:17:00,187.5486,898.0927,853.798
08/06/2026 10:18:00,185.9351,895.8368,851.9851
08/06/2026 10:19:00,185.1173,892.8294,849.2849
08/06/2026 10:20:00,189.8134,914.1226,869.6105
08/06/2026 10:21:00,190.003,910.9199,866.2855
08/06/2026 10:22:00,183.0777,879.6022,836.6312
08/06/2026 10:23:00,173.9662,836.5014,795.96
08/06/2026 10:24:00,167.3501,806.8676,768.1634
08/06/2026 10:25:00,137.5275,672.7164,640.2868
08/06/2026 10:26:00,139.7143,677.04,645.8648
08/06/2026 10:27:00,144.7388,697.5862,664.3502
08/06/2026 10:28:00,125.3277,601.8065,571.8535
08/06/2026 10:29:00,94.9617,455.6675,434.7594
08/06/2026 10:30:00,86.3501,414.3253,396.2231
08/06/2026 10:31:00,114.315,547.0204,522.8903
08/06/2026 10:32:00,131.9908,625.4415,599.0771
08/06/2026 10:33:00,172.6744,818.4134,780.2412
08/06/2026 10:34:00,184.9827,874.1579,834.4334
08/06/2026 10:35:00,194.251,922.0405,879.2689
08/06/2026 10:36:00,203.2015,958.7842,915.4633
08/06/2026 10:37:00,211.9221,1000.4448,953.8965
08/06/2026 10:38:00,212.9568,1007.467,960.5506
08/06/2026 10:39:00,205.4505,978.4078,933.1514
08/06/2026 10:40:00,190.5815,909.0686,866.8541
08/06/2026 10:41:00,177.8464,849.6765,810.6282
08/06/2026 10:42:00,155.883,745.3716,711.7707
08/06/2026 10:43:00,127.8174,615.0643,587.1959
08/06/2026 10:44:00,87.9699,425.9961,407.381
08/06/2026 10:45:00,100.8063,485.2069,466.6748
08/06/2026 10:46:00,104.9987,502.4395,481.0537
08/06/2026 10:47:00,102.1611,487.6044,467.5009
08/06/2026 10:48:00,98.8508,468.9378,449.7647
08/06/2026 10:49:00,107.6884,511.7079,490.8276
08/06/2026 10:50:00,98.445,468.3249,448.3503
08/06/2026 10:51:00,97.5456,458.0743,439.1979
08/06/2026 10:52:00,86.8968,412.5556,395.3998
08/06/2026 10:53:00,76.9935,366.5522,351.9471
08/06/2026 10:54:00,73.9055,351.3249,337.5505
08/06/2026 10:55:00,72.6754,346.3713,332.9258
08/06/2026 10:56:00,73.336,352.1149,338.5589
08/06/2026 10:57:00,74.0506,352.0655,338.2207
08/06/2026 10:58:00,74.3309,352.4376,338.4947
08/06/2026 10:59:00,74.1919,352.7776,339.1548
08/06/2026 11:00:00,71.8893,343.3311,329.9629
08/06/2026 11:01:00,72.0901,344.145,330.3417
08/06/2026 11:02:00,71.9543,344.1228,331.1074
08/06/2026 11:03:00,82.9215,395.758,380.7485
08/06/2026 11:04:00,100.3052,474.6328,455.9774
08/06/2026 11:05:00,116.2509,542.4348,521.1731
08/06/2026 11:06:00,130.455,604.9479,579.456
08/06/2026 11:07:00,112.3413,523.3525,500.0625
08/06/2026 11:08:00,95.9634,448.4622,431.3668
08/06/2026 11:09:00,129.4644,596.7899,573.827
08/06/2026 11:10:00,133.4622,618.1808,590.937
08/06/2026 11:11:00,109.4686,511.1442,489.847
08/06/2026 11:12:00,113.2327,526.8123,505.1563
08/06/2026 11:13:00,118.2562,548.9743,527.2371
08/06/2026 11:14:00,150.3805,690.9579,662.338
08/06/2026 11:15:00,140.8591,653.4101,625.3436
08/06/2026 11:16:00,140.9579,649.6242,622.8778
08/06/2026 11:17:00,146.0946,668.8203,640.1653
08/06/2026 11:18:00,138.0978,632.1878,606.3641
08/06/2026 11:19:00,142.0263,651.6099,624.286
08/06/2026 11:20:00,120.5747,558.5517,535.0222
08/06/2026 11:21:00,98.8795,462.8608,442.8912
08/06/2026 11:22:00,78.5312,370.7788,356.2338
08/06/2026 11:23:00,78.07,369.5229,355.494
08/06/2026 11:24:00,80.1122,376.3718,362.7141
08/06/2026 11:25:00,101.2574,473.703,456.9546
08/06/2026 11:26:00,122.5399,569.5619,548.9187
08/06/2026 11:27:00,138.5535,640.3177,616.0176
08/06/2026 11:28:00,132.6472,619.1907,595.4359
08/06/2026 11:29:00,139.949,654.7503,630.4679
08/06/2026 11:30:00,162.2744,752.6779,725.1892
08/06/2026 11:31:00,200.6611,924.6382,889.246
08/06/2026 11:32:00,180.3048,844.4446,810.0725
08/06/2026 11:33:00,145.0443,688.9439,661.3674
08/06/2026 11:34:00,110.5511,529.0761,510.3795
08/06/2026 11:35:00,110.8116,531.1193,513.4976
08/06/2026 11:36:00,149.8785,719.6499,696.0249
08/06/2026 11:37:00,126.7133,609.3578,584.6416
08/06/2026 11:38:00,124.1266,598.0564,577.3432
08/06/2026 11:39:00,135.836,660.1097,635.7944
08/06/2026 11:40:00,123.49,600.1845,577.8331
08/06/2026 11:41:00,150.6077,735.2153,708.5096
08/06/2026 11:42:00,192.6419,940.6976,901.7462
08/06/2026 11:43:00,166.0299,815.6284,783.6147
08/06/2026 11:44:00,124.7377,610.3814,585.916
08/06/2026 11:45:00,141.0478,688.0511,662.5323
08/06/2026 11:46:00,164.1488,796.8983,767.0687
08/06/2026 11:47:00,186.9936,906.2049,870.9291
08/06/2026 11:48:00,200.3407,971.3863,930.5391
08/06/2026 11:49:00,168.6968,820.7289,789.1389
08/06/2026 11:50:00,176.4738,857.4497,821.7753
08/06/2026 11:51:00,122.3009,589.4211,566.7343
08/06/2026 11:52:00,114.2166,545.4668,526.4827
08/06/2026 11:53:00,121.9158,585.039,564.8558
08/06/2026 11:54:00,140.8577,681.6192,658.5074
08/06/2026 11:55:00,195.8278,956.7469,920.795
08/06/2026 11:56:00,141.7883,685.6494,656.5926
08/06/2026 11:57:00,133.1152,637.1247,615.1516
08/06/2026 11:58:00,181.7967,888.3546,851.8457
08/06/2026 11:59:00,166.62,810.5568,778.1491
08/06/2026 12:00:00,179.6436,871.6363,833.6481
08/06/2026 12:01:00,123.4374,589.3305,566.6569
08/06/2026 12:02:00,126.2261,606.4796,584.4813
08/06/2026 12:03:00,181.8609,870.6394,842.0319
08/06/2026 12:04:00,210.2514,1007.0119,966.8251
08/06/2026 12:05:00,209.7307,1001.5633,964.6733
08/06/2026 12:06:00,227.7106,1085.3647,1043.4679
08/06/2026 12:07:00,215.6598,1027.9267,987.8005
08/06/2026 12:08:00,148.8833,709.5753,685.1071
08/06/2026 12:09:00,138.0376,658.7395,638.0133
08/06/2026 12:10:00,127.1315,609.8179,591.8501
08/06/2026 12:11:00,123.2084,589.0254,572.3636
08/06/2026 12:12:00,123.0624,589.246,572.7031
08/06/2026 12:13:00,146.5388,702.1881,681.2602
08/06/2026 12:14:00,137.8059,660.8647,640.4573
08/06/2026 12:15:00,154.6214,745.2687,721.9221
08/06/2026 12:16:00,144.5855,695.6052,672.8545
08/06/2026 12:17:00,134.8288,644.826,623.9648
08/06/2026 12:18:00,148.6579,708.7399,685.005
08/06/2026 12:19:00,177.1455,843.777,812.3856
08/06/2026 12:20:00,173.722,827.5433,794.1326
08/06/2026 12:21:00,164.4991,783.3915,754.2593
08/06/2026 12:22:00,216.0851,1018.1154,978.4067
08/06/2026 12:23:00,220.8324,1042.3372,998.3528
08/06/2026 12:24:00,213.0401,1012.8583,971.2091
08/06/2026 12:25:00,214.5478,1022.3124,979.9431
08/06/2026 12:26:00,216.2831,1032.5608,988.8899
08/06/2026 12:27:00,213.9418,1027.7907,984.1705
08/06/2026 12:28:00,212.3175,1016.547,972.4058
08/06/2026 12:29:00,180.2793,869.4781,831.0535
08/06/2026 12:30:00,202.2323,973.6766,933.1845
08/06/2026 12:31:00,205.0003,989.4954,946.015
08/06/2026 12:32:00,175.1798,850.5894,815.2674
08/06/2026 12:33:00,166.498,811.3909,777.4483
08/06/2026 12:34:00,177.8024,866.9837,829.8052
08/06/2026 12:35:00,186.4722,900.1746,863.2416
08/06/2026 12:36:00,206.8122,1000.0073,954.9563
08/06/2026 12:37:00,197.7538,962.5395,919.226
08/06/2026 12:38:00,203.0858,987.4654,941.9393
08/06/2026 12:39:00,206.1967,1003.9398,957.8951
08/06/2026 12:40:00,178.2621,881.4378,840.5308
08/06/2026 12:41:00,180.6383,897.0485,857.013
08/06/2026 12:42:00,193.1091,961.9385,920.0574
08/06/2026 12:43:00,195.58,976.488,932.9921
08/06/2026 12:44:00,197.0485,984.1757,940.4327
08/06/2026 12:45:00,198.6755,988.1859,944.1544
08/06/2026 12:46:00,197.5991,986.7855,943.0056
08/06/2026 12:47:00,196.7242,984.9756,941.6165
08/06/2026 12:48:00,196.7887,986.0412,942.4208
08/06/2026 12:49:00,196.4067,985.3874,942.0416
08/06/2026 12:50:00,196.0806,986.5688,943.2005
08/06/2026 12:51:00,195.3593,985.4549,942.5119
08/06/2026 12:52:00,195.5433,984.6881,941.9903
08/06/2026 12:53:00,195.4455,984.9288,942.3998
08/06/2026 12:54:00,196.6648,989.164,946.5027
08/06/2026 12:55:00,196.4127,987.8724,945.1544
08/06/2026 12:56:00,196.107,987.0441,944.4504
08/06/2026 12:57:00,197.9286,990.4811,947.4905
08/06/2026 12:58:00,199.7338,996.667,953.8311
08/06/2026 12:59:00,202.0594,1008.754,965.7343
08/06/2026 13:00:00,200.3061,1001.4685,958.8124
08/06/2026 13:01:00,198.8613,997.0965,954.6191
08/06/2026 13:02:00,201.0434,1006.9974,963.9746
08/06/2026 13:03:00,202.3847,1012.9964,970.7768
08/06/2026 13:04:00,205.3819,1025.7033,982.915
08/06/2026 13:05:00,210.7095,1045.1658,1001.9506
08/06/2026 13:06:00,214.1784,1064.8035,1020.6196
08/06/2026 13:07:00,212.6303,1056.9647,1013.6977
08/06/2026 13:08:00,210.0394,1039.8191,996.5887
08/06/2026 13:09:00,208.3619,1031.5129,987.8466
08/06/2026 13:10:00,206.4355,1025.9236,982.8906
08/06/2026 13:11:00,207.4801,1026.8988,983.8973
08/06/2026 13:12:00,205.6059,1019.5428,976.9148
08/06/2026 13:13:00,205.4707,1017.9466,975.1591
08/06/2026 13:14:00,205.4268,1022.081,979.3175
08/06/2026 13:15:00,207.5621,1026.8384,983.6641
08/06/2026 13:16:00,209.3394,1032.5975,988.7499
08/06/2026 13:17:00,209.4718,1035.4273,991.0157
08/06/2026 13:18:00,209.1686,1035.3689,991.0559
08/06/2026 13:19:00,209.9761,1037.427,993.0999
08/06/2026 13:20:00,211.1762,1039.1145,994.6743
08/06/2026 13:21:00,214.2116,1050.2949,1005.3232
08/06/2026 13:22:00,217.2439,1066.5171,1020.8666
08/06/2026 13:23:00,219.1323,1074.434,1028.1702
08/06/2026 13:24:00,222.608,1090.7682,1044.7173
08/06/2026 13:25:00,201.4674,992.5441,948.3226
08/06/2026 13:26:00,159.8925,790.2618,761.4566
08/06/2026 13:27:00,150.1131,748.5431,720.7838
08/06/2026 13:28:00,114.6328,563.0095,546.7483
08/06/2026 13:29:00,122.4425,597.3099,578.2476
08/06/2026 13:30:00,135.2769,658.8295,636.4601
08/06/2026 13:31:00,135.6387,659.9563,636.1579
08/06/2026 13:32:00,142.438,699.3871,674.4351
08/06/2026 13:33:00,150.9166,738.6026,708.8883
08/06/2026 13:34:00,133.615,653.3394,626.9879
08/06/2026 13:35:00,132.842,654.7957,629.0684
08/06/2026 13:36:00,101.1168,495.1608,479.1472
08/06/2026 13:37:00,81.4493,392.95,384.2771
08/06/2026 13:38:00,81.5956,390.4427,382.1604
08/06/2026 13:39:00,83.6704,397.9089,391.0224
08/06/2026 13:40:00,123.484,600.9242,581.6626
08/06/2026 13:41:00,107.6037,526.2753,507.7575
08/06/2026 13:42:00,84.7393,406.1195,396.1903
08/06/2026 13:43:00,83.5378,399.9432,391.3687
08/06/2026 13:44:00,94.6265,455.8001,446.6644
08/06/2026 13:45:00,115.6861,563.2051,544.5036
08/06/2026 13:46:00,86.1539,407.4201,398.9658
08/06/2026 13:47:00,81.3864,382.9504,378.0382
08/06/2026 13:48:00,108.3297,521.6164,510.7403
08/06/2026 13:49:00,128.0107,618.0584,603.1589
08/06/2026 13:50:00,125.6054,600.1558,585.4774
08/06/2026 13:51:00,144.1856,706.1889,677.9637
08/06/2026 13:52:00,89.107,421.3378,410.9876
08/06/2026 13:53:00,87.2073,410.6498,399.842
08/06/2026 13:54:00,83.958,397.4166,386.5397
08/06/2026 13:55:00,103.7943,503.5008,485.6294
08/06/2026 13:56:00,109.8105,528.7261,511.6445
08/06/2026 13:57:00,127.1651,624.3669,596.1784
08/06/2026 13:58:00,153.1903,745.8099,714.0225
08/06/2026 13:59:00,188.2766,918.4539,871.7525
08/06/2026 14:00:00,130.446,640.6555,606.8203
08/06/2026 14:01:00,123.4979,603.267,575.0655
08/06/2026 14:02:00,103.2062,503.0246,480.0024
08/06/2026 14:03:00,95.3427,459.8257,440.4887
08/06/2026 14:04:00,87.2435,423.6615,406.199
08/06/2026 14:05:00,77.3954,375.2438,360.9091
08/06/2026 14:06:00,71.6989,348.7012,336.1727
08/06/2026 14:07:00,70.0918,338.272,326.787
08/06/2026 14:08:00,73.3441,360.7905,347.6805
08/06/2026 14:09:00,73.1159,357.8069,344.5999
08/06/2026 14:10:00,83.0786,406.2248,389.9689
08/06/2026 14:11:00,121.8238,597.6612,571.4223
08/06/2026 14:12:00,203.0788,993.4421,941.7543
08/06/2026 14:13:00,174.8664,862.4108,816.008
08/06/2026 14:14:00,170.2052,837.2688,794.7465
08/06/2026 14:15:00,177.2981,864.873,821.2709
08/06/2026 14:16:00,174.2177,854.6325,809.6648
08/06/2026 14:17:00,104.9185,517.2006,491.8152
08/06/2026 14:18:00,113.1723,547.1974,525.2067
08/06/2026 14:19:00,121.3237,594.5962,564.2224
08/06/2026 14:20:00,114.8964,559.1274,534.4559
08/06/2026 14:21:00,130.0652,632.1828,604.7331
08/06/2026 14:22:00,174.7718,852.2152,811.0018
08/06/2026 14:23:00,138.7707,682.8019,649.2081
08/06/2026 14:24:00,91.366,443.2818,428.4035
08/06/2026 14:25:00,81.5313,393.0794,382.4304
08/06/2026 14:26:00,84.8708,406.1814,395.56
08/06/2026 14:27:00,118.3847,569.2507,549.3009
08/06/2026 14:28:00,136.8954,668.7701,637.5272
08/06/2026 14:29:00,95.4447,459.8113,443.5692
08/06/2026 14:30:00,97.2741,471.791,456.5567
08/06/2026 14:31:00,133.5662,654.5896,624.5867
08/06/2026 14:32:00,92.0466,443.9056,426.4983
08/06/2026 14:33:00,90.5,432.4124,418.7934
08/06/2026 14:34:00,87.3896,425.0981,408.2445
08/06/2026 14:35:00,102.6474,496.2877,477.278
08/06/2026 14:36:00,134.9547,655.3183,624.4572
08/06/2026 14:37:00,114.7065,558.9885,533.3439
08/06/2026 14:38:00,119.3372,575.8725,549.243
08/06/2026 14:39:00,137.3502,661.5852,628.8032
08/06/2026 14:40:00,116.3767,565.1816,535.4394
08/06/2026 14:41:00,134.7507,649.7018,616.7901
08/06/2026 14:42:00,137.9297,663.0748,628.7876
08/06/2026 14:43:00,138.2448,668.5271,629.3376
08/06/2026 14:44:00,144.2122,693.717,655.3
08/06/2026 14:45:00,103.2957,496.0736,467.0829
08/06/2026 14:46:00,76.0617,356.7003,340.1361
08/06/2026 14:47:00,108.2215,515.0457,489.2387
08/06/2026 14:48:00,103.8782,498.8617,473.3304
08/06/2026 14:49:00,130.7945,628.5161,596.0039
08/06/2026 14:50:00,105.0077,510.8187,484.8606
08/06/2026 14:51:00,131.5056,628.6761,598.4139
08/06/2026 14:52:00,150.7837,724.4008,685.9712
08/06/2026 14:53:00,136.2124,659.2172,623.3768
08/06/2026 14:54:00,90.1218,434.6298,414.4246
08/06/2026 14:55:00,72.7751,340.672,327.4344
08/06/2026 14:56:00,68.7384,321.2688,309.7189
08/06/2026 14:57:00,67.2774,314.7377,304.0535
08/06/2026 14:58:00,67.2945,312.2526,302.1257
08/06/2026 14:59:00,66.2929,309.4566,299.7467
08/06/2026 15:00:00,66.1187,307.0747,297.5755
08/06/2026 15:01:00,65.5736,305.2069,295.7411
08/06/2026 15:02:00,65.1825,303.6096,294.2184
08/06/2026 15:03:00,65.285,304.1704,294.397
08/06/2026 15:04:00,66.1882,309.0118,298.6166
08/06/2026 15:05:00,68.0966,321.0795,309.6507
08/06/2026 15:06:00,70.7389,335.1989,322.6749
08/06/2026 15:07:00,72.2813,340.7053,328.2242
08/06/2026 15:08:00,74.0698,351.9476,339.4989
08/06/2026 15:09:00,77.6013,365.8963,353.0284
08/06/2026 15:10:00,79.8327,379.3103,366.1163
08/06/2026 15:11:00,81.5072,388.6331,374.965
08/06/2026 15:12:00,83.3645,393.0892,379.2925
08/06/2026 15:13:00,88.992,422.9046,406.7411
08/06/2026 15:14:00,87.3642,412.5053,397.6972
08/06/2026 15:15:00,92.6683,438.4542,422.5328
08/06/2026 15:16:00,94.8757,451.5459,435.5044
08/06/2026 15:17:00,97.0968,464.4533,447.5937
08/06/2026 15:18:00,90.4653,430.6601,415.9237
08/06/2026 15:19:00,82.4898,390.0245,378.9598
08/06/2026 15:20:00,78.6765,371.4037,361.8228
08/06/2026 15:21:00,73.3702,345.8617,338.0886
08/06/2026 15:22:00,70.9955,333.5586,326.5557
08/06/2026 15:23:00,70.3589,328.6481,322.089
08/06/2026 15:24:00,78.2755,367.0376,357.3183
08/06/2026 15:25:00,70.4877,327.4388,320.5734
08/06/2026 15:26:00,69.244,322.4105,316.4404
08/06/2026 15:27:00,68.5354,320.1471,314.4949
08/06/2026 15:28:00,69.3255,320.3287,314.9609
08/06/2026 15:29:00,70.2778,324.0137,318.5758
08/06/2026 15:30:00,71.8052,329.0703,323.4318
08/06/2026 15:31:00,72.4509,333.0139,327.0666
08/06/2026 15:32:00,72.8414,336.826,330.6546
08/06/2026 15:33:00,74.606,345.5519,338.4418
08/06/2026 15:34:00,76.338,356.6707,348.6563
08/06/2026 15:35:00,91.8543,425.5429,413.2041
08/06/2026 15:36:00,97.0893,459.646,440.8868
08/06/2026 15:37:00,82.9511,393.2988,381.3838
08/06/2026 15:38:00,77.4092,363.7231,354.5647
08/06/2026 15:39:00,73.496,347.2027,338.957
08/06/2026 15:40:00,70.4138,332.2047,325.4485
08/06/2026 15:41:00,70.0253,327.4473,321.0561
08/06/2026 15:42:00,68.9347,322.1447,316.2617
08/06/2026 15:43:00,68.195,318.2302,312.5352
08/06/2026 15:44:00,67.6961,314.1471,308.4655
08/06/2026 15:45:00,67.0638,310.4567,304.896
08/06/2026 15:46:00,66.2089,308.5388,303.1022
08/06/2026 15:47:00,68.8183,319.8911,313.5346
08/06/2026 15:48:00,95.982,444.171,427.6668
08/06/2026 15:49:00,82.8412,387.6473,375.6147
08/06/2026 15:50:00,72.051,338.5853,331.1201
08/06/2026 15:51:00,62.2597,290.647,288.7069
08/06/2026 15:52:00,60.952,282.7701,282.3445
08/06/2026 15:53:00,59.3431,274.1594,274.6875
08/06/2026 15:54:00,58.5187,268.0131,268.423
08/06/2026 15:55:00,62.3374,284.3907,282.9116
08/06/2026 15:56:00,65.5647,296.9594,294.0411
08/06/2026 15:57:00,106.567,477.6868,459.4235
08/06/2026 15:58:00,139.0302,623.5188,592.3105
08/06/2026 15:59:00,128.1365,584.1987,554.3152
08/06/2026 16:00:00,84.045,391.733,381.0154
08/06/2026 16:01:00,73.7653,340.4512,335.3995
08/06/2026 16:02:00,66.9339,308.276,305.2543
08/06/2026 16:03:00,63.1411,287.1415,284.6891
08/06/2026 16:04:00,60.4773,275.1754,273.2183
08/06/2026 16:05:00,59.7915,271.0428,268.9346
08/06/2026 16:06:00,80.2159,362.6549,350.8147
08/06/2026 16:07:00,64.2636,292.1581,286.7194
08/06/2026 16:08:00,86.4595,382.9048,371.5543
08/06/2026 16:09:00,132.7156,590.7636,557.8218
08/06/2026 16:10:00,124.4663,562.1961,530.9431
08/06/2026 16:11:00,75.2767,344.664,334.9814
08/06/2026 16:12:00,82.9953,380.7921,366.2324
08/06/2026 16:13:00,57.4614,262.974,259.02
08/06/2026 16:14:00,52.1017,237.7238,233.9471
08/06/2026 16:15:00,70.563,318.4127,304.221
08/06/2026 16:16:00,75.7228,334.8467,319.965
08/06/2026 16:17:00,107.1295,476.4137,443.693
08/06/2026 16:18:00,94.1503,426.524,396.6536
08/06/2026 16:19:00,83.1946,370.4576,347.8315
08/06/2026 16:20:00,95.5454,422.5458,391.8806
08/06/2026 16:21:00,71.489,327.0248,303.7838
08/06/2026 16:22:00,45.9696,214.223,202.872
08/06/2026 16:23:00,41.9103,188.8182,181.286
08/06/2026 16:24:00,83.0504,366.2564,337.591
08/06/2026 16:25:00,52.5536,242.7465,226.6798
08/06/2026 16:26:00,60.1393,272.0973,252.2161
08/06/2026 16:27:00,57.9681,260.8999,243.0376
08/06/2026 16:28:00,59.8209,269.8844,250.2132
08/06/2026 16:29:00,32.6192,151.216,145.3344
08/06/2026 16:30:00,30.8376,142.1181,137.5252
08/06/2026 16:31:00,30.6145,140.7278,136.7665
08/06/2026 16:32:00,31.5597,144.4115,140.3301
08/06/2026 16:33:00,32.9845,151.3796,147.061
08/06/2026 16:34:00,34.891,159.2074,154.8167
08/06/2026 16:35:00,37.0713,168.0881,163.6211
08/06/2026 16:36:00,41.5396,189.1485,183.0135
08/06/2026 16:37:00,47.3573,214.8915,205.3418
08/06/2026 16:38:00,51.0236,233.3915,221.2599
08/06/2026 16:39:00,38.4084,181.4068,175.3799
08/06/2026 16:40:00,36.0089,169.7798,165.6875
08/06/2026 16:41:00,34.793,164.1443,160.7393
08/06/2026 16:42:00,31.8656,151.2518,148.9971
08/06/2026 16:43:00,27.066,130.1112,129.2167
08/06/2026 16:44:00,22.6199,110.5993,110.6166
08/06/2026 16:45:00,20.129,98.2191,98.6571
08/06/2026 16:46:00,19.3524,91.9615,92.642
08/06/2026 16:47:00,19.2493,90.7502,91.4288
08/06/2026 16:48:00,20.1603,94.3254,95.1093
08/06/2026 16:49:00,21.2137,99.0216,99.8868
08/06/2026 16:50:00,21.8553,102.5748,103.4416
08/06/2026 16:51:00,22.2975,104.4565,105.162
08/06/2026 16:52:00,22.7412,106.6091,106.8343
08/06/2026 16:53:00,22.6825,107.4114,107.4329
08/06/2026 16:54:00,22.9101,108.2105,107.6904
08/06/2026 16:55:00,23.2534,108.3828,107.1925
08/06/2026 16:56:00,31.9233,138.6621,133.3046
08/06/2026 16:57:00,48.8987,210.5592,193.1271
08/06/2026 16:58:00,49.4789,213.7044,194.5105
08/06/2026 16:59:00,26.6606,123.4482,117.2251
08/06/2026 17:00:00,40.9455,173.188,160.1226
08/06/2026 17:01:00,48.237,207.4804,187.7448
08/06/2026 17:02:00,45.804,199.4251,180.3114
08/06/2026 17:03:00,21.8474,103.6782,100.785
08/06/2026 17:04:00,28.0309,126.6143,120.218
08/06/2026 17:05:00,23.5817,109.1659,105.6283
08/06/2026 17:06:00,44.7342,188.0008,171.4828
08/06/2026 17:07:00,44.9909,193.3989,174.8055
08/06/2026 17:08:00,46.546,197.1313,176.9556
08/06/2026 17:09:00,45.6914,192.9971,172.296
08/06/2026 17:10:00,46.2777,194.2105,172.7527
08/06/2026 17:11:00,45.1418,189.3116,167.9645
08/06/2026 17:12:00,43.3279,182.9053,162.0054
08/06/2026 17:13:00,42.2263,178.4703,157.4998
08/06/2026 17:14:00,41.3899,173.2498,152.3109
08/06/2026 17:15:00,39.9628,167.5192,146.9757
08/06/2026 17:16:00,38.812,161.4917,141.4257
08/06/2026 17:17:00,22.1912,101.4382,91.4404
08/06/2026 17:18:00,11.7762,58.0437,56.0142
08/06/2026 17:19:00,12.0558,55.912,53.8331
08/06/2026 17:20:00,11.9041,55.529,53.2144
08/06/2026 17:21:00,12.9972,58.722,55.5719
08/06/2026 17:22:00,22.3339,91.6927,81.4878
08/06/2026 17:23:00,26.0232,106.3702,92.6111
08/06/2026 17:24:00,31.8656,127.7342,108.851
08/06/2026 17:25:00,21.5624,92.2496,80.3659
08/06/2026 17:26:00,14.106,61.6779,56.4812
08/06/2026 17:27:00,19.7564,81.6801,71.4824
08/06/2026 17:28:00,15.7033,67.0982,59.9654
08/06/2026 17:29:00,19.0174,77.1094,67.4025
08/06/2026 17:30:00,12.419,55.2653,50.7631
08/06/2026 17:31:00,12.225,52.9612,49.0231
08/06/2026 17:32:00,21.0816,82.8704,71.003
08/06/2026 17:33:00,15.7233,66.3029,58.4524
08/06/2026 17:34:00,19.5892,77.4257,66.4086
08/06/2026 17:35:00,25.0692,96.4446,79.5182
08/06/2026 17:36:00,24.5276,94.7737,77.7691
08/06/2026 17:37:00,24.4633,92.9114,75.8554
08/06/2026 17:38:00,24.0685,90.2544,73.4082
08/06/2026 17:39:00,23.4736,87.7662,71.1764
08/06/2026 17:40:00,22.6741,85.1744,68.8949
08/06/2026 17:41:00,21.871,82.6188,66.6349
08/06/2026 17:42:00,21.4179,80.0254,64.2021
08/06/2026 17:43:00,20.5758,76.8799,61.3977
08/06/2026 17:44:00,19.8318,73.6185,58.5294
08/06/2026 17:45:00,18.8482,70.4101,55.6957
08/06/2026 17:46:00,18.162,67.9068,53.3287
08/06/2026 17:47:00,17.9179,65.4545,51.0941
08/06/2026 17:48:00,17.0875,62.4784,48.5303
08/06/2026 17:49:00,16.1013,59.4377,46.0988
08/06/2026 17:50:00,12.8908,49.0633,40.1935
08/06/2026 17:51:00,8.9366,36.7687,33.4408
08/06/2026 17:52:00,8.667,34.3181,31.3751
08/06/2026 17:53:00,7.8589,31.3347,28.9765
08/06/2026 17:54:00,6.5772,27.2972,26.1174
08/06/2026 17:55:00,6.0804,25.0286,24.1183
08/06/2026 17:56:00,5.5629,23.0957,22.339
08/06/2026 17:57:00,5.023,21.4301,20.8075
08/06/2026 17:58:00,4.8034,20.0886,19.5469
08/06/2026 17:59:00,4.4639,18.8389,18.3891
08/06/2026 18:00:00,4.2949,17.8627,17.4203
08/06/2026 18:01:00,4.0262,16.9147,16.5354
08/06/2026 18:02:00,3.9139,16.3111,15.8945
08/06/2026 18:03:00,3.7075,15.6146,15.2653
08/06/2026 18:04:00,3.5612,15.019,14.6834
08/06/2026 18:05:00,3.3031,14.1097,13.8171
08/06/2026 18:06:00,2.9633,12.8939,12.658
08/06/2026 18:07:00,2.8636,11.8961,11.6657
08/06/2026 18:08:00,2.5404,10.8862,10.7105
08/06/2026 18:09:00,2.2117,9.5442,9.4187
08/06/2026 18:10:00,1.8453,8.0253,7.9022
08/06/2026 18:11:00,1.5145,6.8273,6.7498
08/06/2026 18:12:00,1.2977,6.0132,5.9374
08/06/2026 18:13:00,1.1428,5.3524,5.2697
08/06/2026 18:14:00,1.0323,4.7428,4.6751
08/06/2026 18:15:00,0.8636,4.1339,4.0782
08/06/2026 18:16:00,0.7188,3.6002,3.5563
08/06/2026 18:17:00,0.7209,3.333,3.291
08/06/2026 18:18:00,0.6908,3.1389,3.0943
08/06/2026 18:19:00,0.7431,2.982,2.9186
08/06/2026 18:20:00,0.7363,2.7349,2.6626
08/06/2026 18:21:00,0.664,2.4929,2.4272
08/06/2026 18:22:00,0.7591,2.342,2.2477
08/06/2026 18:23:00,0.6564,2.0852,1.9975
08/06/2026 18:24:00,0.58,1.8,1.73
08/06/2026 18:25:00,0.5506,1.5368,1.4652
08/06/2026 18:26:00,0.4527,1.1666,1.0961
08/06/2026 18:27:00,0.3405,0.8348,0.7833
08/06/2026 18:28:00,0.2132,0.5778,0.5377
08/06/2026 18:29:00,0.1329,0.393,0.378
08/06/2026 18:30:00,0.1819,0.3257,0.3109
08/06/2026 18:31:00,0.1799,0.2484,0.2539
08/06/2026 18:32:00,0.2173,0.2242,0.2237
08/06/2026 18:33:00,0.1902,0.1602,0.1572
08/06/2026 18:34:00,0.1482,0.0985,0.1121
08/06/2026 18:35:00,0.1482,0.0555,0.0621
08/06/2026 18:36:00,0.2409,0.094,0.0941
08/06/2026 18:37:00,0.1763,0.0539,0.056
08/06/2026 18:38:00,0.2125,0.0837,0.0949
08/06/2026 18:39:00,0.2245,0.1018,0.099
08/06/2026 18:40:00,0.2578,0.1006,0.1036
08/06/2026 18:41:00,0.233,0.0694,0.0643
08/06/2026 18:42:00,0.3123,0.0962,0.0829
08/06/2026 18:43:00,0.2572,0.051,0.0472
08/06/2026 18:44:00,0.2112,0.0483,0.048
08/06/2026 18:45:00,0.2815,0.0884,0.0766
08/06/2026 18:46:00,0.2882,0.0873,0.0718
08/06/2026 18:47:00,0.1617,0.009,0.0228
08/06/2026 18:48:00,0.2064,0.0514,0.0572
08/06/2026 18:49:00,0.2667,0.0831,0.0758
08/06/2026 18:50:00,0.2705,0.0803,0.0671
08/06/2026 18:51:00,0.2753,0.0798,0.0672
08/06/2026 18:52:00,0.2464,0.0717,0.0541
08/06/2026 18:53:00,0.2807,0.0758,0.0678
08/06/2026 18:54:00,0.2516,0.0516,0.0398
08/06/2026 18:55:00,0.2272,0.0398,0.035
08/06/2026 18:56:00,0.1364,0.0003,0
08/06/2026 18:57:00,0.2505,0.0564,0.0255
08/06/2026 18:58:00,0.2486,0.0528,0.0464
08/06/2026 18:59:00,0.2426,0.0716,0.0585
08/06/2026 19:00:00,0.2654,0.0745,0.0786
08/06/2026 19:01:00,0.2712,0.1091,0.0915
08/06/2026 19:02:00,0.2836,0.0829,0.0762
08/06/2026 19:03:00,0.239,0.0661,0.0621
08/06/2026 19:04:00,0.2498,0.0787,0.0659
08/06/2026 19:05:00,0.3376,0.1429,0.1156
08/06/2026 19:06:00,0.2767,0.0862,0.0809
08/06/2026 19:07:00,0.2378,0.0715,0.0621
08/06/2026 19:08:00,0.2488,0.0886,0.0806
08/06/2026 19:09:00,0.2493,0.0884,0.0838
08/06/2026 19:10:00,0.2529,0.0885,0.0869
08/06/2026 19:11:00,0.334,0.1237,0.1078
08/06/2026 19:12:00,0.2704,0.1038,0.0921
08/06/2026 19:13:00,0.3007,0.1102,0.1004
08/06/2026 19:14:00,0.2843,0.0984,0.0864
08/06/2026 19:15:00,0.3155,0.1033,0.0699
08/06/2026 19:16:00,0.2447,0.0577,0.0507
08/06/2026 19:17:00,0.2183,0.0649,0.0589
08/06/2026 19:18:00,0.3314,0.1121,0.0971
08/06/2026 19:19:00,0.3529,0.1134,0.0924
08/06/2026 19:20:00,0.3226,0.0899,0.071
08/06/2026 19:21:00,0.2007,0.0165,0.0136
08/06/2026 19:22:00,0.2281,0.0505,0.0332
08/06/2026 19:23:00,0.1924,0.0465,0.0534
08/06/2026 19:24:00,0.2097,0.0548,0.0564
08/06/2026 19:25:00,0.2599,0.0616,0.051
08/06/2026 19:26:00,0.1988,0.0332,0.0459
08/06/2026 19:27:00,0.2174,0.0194,0.0104
08/06/2026 19:28:00,0.2104,0.011,0.0025
08/06/2026 19:29:00,0.2293,0.0192,0.0137
08/06/2026 19:30:00,0.2157,0.0186,0.0222
08/06/2026 19:31:00,0.2161,0.0217,0.0208
08/06/2026 19:32:00,0.2078,0.031,0.0204
08/06/2026 19:33:00,0.2171,0.0221,0.0155
08/06/2026 19:34:00,0.2527,0.0391,0.0263
08/06/2026 19:35:00,0.2204,0.0267,0.0298
08/06/2026 19:36:00,0.1764,-0.01,0.0101
08/06/2026 19:37:00,0.2612,0.0309,0.0149
08/06/2026 19:38:00,0.2016,-0.0068,-0.012
08/06/2026 19:39:00,0.1312,-0.0273,-0.0077
08/06/2026 19:40:00,0.1491,-0.025,-0.0194
08/06/2026 19:41:00,0.1024,-0.0301,-0.0023
08/06/2026 19:42:00,0.1602,0.0179,0.0268
08/06/2026 19:43:00,0.191,0.048,0.0599
08/06/2026 19:44:00,0.1192,0.0163,0.0363
08/06/2026 19:45:00,0.2351,0.0498,0.035
08/06/2026 19:46:00,0.2123,0.0084,0.008
08/06/2026 19:47:00,0.173,-0.0199,-0.0124
08/06/2026 19:48:00,0.0806,-0.0136,0.0002
08/06/2026 19:49:00,0.152,-0.0176,-0.0043
08/06/2026 19:50:00,0.2106,-0.0073,-0.0076
08/06/2026 19:51:00,0.1057,-0.0451,-0.024
08/06/2026 19:52:00,0.0669,-0.0849,-0.0631
08/06/2026 19:53:00,0.1479,-0.0688,-0.0753
08/06/2026 19:54:00,0.1264,-0.0807,-0.0597
08/06/2026 19:55:00,0.0816,-0.0816,-0.0645
08/06/2026 19:56:00,0.0952,-0.1103,-0.1019
08/06/2026 19:57:00,0.0761,-0.1337,-0.1294
08/06/2026 19:58:00,0.0372,-0.1464,-0.1244
08/06/2026 19:59:00,0.0791,-0.0961,-0.0665
08/06/2026 20:00:00,0.071,-0.0906,-0.0652
08/06/2026 20:01:00,0.0149,-0.1201,-0.0752
08/06/2026 20:02:00,0.0236,-0.1262,-0.0909
08/06/2026 20:03:00,0.0172,-0.1496,-0.1361
08/06/2026 20:04:00,0.0266,-0.1314,-0.0983
08/06/2026 20:05:00,0.0277,-0.1292,-0.1142
08/06/2026 20:06:00,-0.0158,-0.1435,-0.0938
08/06/2026 20:07:00,0.0073,-0.1407,-0.1163
08/06/2026 20:08:00,0.0118,-0.1371,-0.1118
08/06/2026 20:09:00,0.0191,-0.1007,-0.0739
08/06/2026 20:10:00,0.0784,-0.0629,-0.0368
08/06/2026 20:11:00,0.0976,-0.0642,-0.0532
08/06/2026 20:12:00,0.1236,-0.0548,-0.0349
08/06/2026 20:13:00,0.1039,-0.0636,-0.0472
08/06/2026 20:14:00,0.1319,-0.0554,-0.0507
08/06/2026 20:15:00,0.0294,-0.1131,-0.084
08/06/2026 20:16:00,0.0968,-0.0571,-0.0367
08/06/2026 20:17:00,0.1113,-0.0445,-0.0277
08/06/2026 20:18:00,0.0967,-0.0399,-0.0136
08/06/2026 20:19:00,0.1455,-0.0084,0.0037
08/06/2026 20:20:00,0.1545,-0.0035,0.0004
08/06/2026 20:21:00,0.102,-0.034,-0.0075
08/06/2026 20:22:00,0.1201,-0.0136,-0.0004
08/06/2026 20:23:00,0.0898,-0.03,-0.0102
08/06/2026 20:24:00,0.1301,-0.0085,0.0084
08/06/2026 20:25:00,0.199,0.02,0.0167
08/06/2026 20:26:00,0.1818,-0.0104,-0.0123
08/06/2026 20:27:00,0.1712,-0.0304,-0.025
08/06/2026 20:28:00,0.0832,-0.0507,-0.0345
08/06/2026 20:29:00,0.0706,-0.0525,-0.035
08/06/2026 20:30:00,0.1172,-0.0385,-0.0264
08/06/2026 20:31:00,0.0952,-0.0416,-0.0277
08/06/2026 20:32:00,0.0856,-0.0317,-0.0229
08/06/2026 20:33:00,0.0915,-0.0513,-0.0388
08/06/2026 20:34:00,0.1355,-0.044,-0.0408
08/06/2026 20:35:00,0.0812,-0.0623,-0.0529
08/06/2026 20:36:00,0.1049,-0.0491,-0.033
08/06/2026 20:37:00,0.0711,-0.0647,-0.0518
08/06/2026 20:38:00,0.089,-0.0493,-0.0267
08/06/2026 20:39:00,0.0885,-0.0575,-0.035
08/06/2026 20:40:00,0.0801,-0.0631,-0.0523
08/06/2026 20:41:00,0.066,-0.0701,-0.0482
08/06/2026 20:42:00,0.0777,-0.0764,-0.0506
08/06/2026 20:43:00,0.0641,-0.1323,-0.1161
08/06/2026 20:44:00,0.047,-0.1389,-0.1175
08/06/2026 20:45:00,0.0033,-0.1677,-0.131
08/06/2026 20:46:00,0.0019,-0.1161,-0.0956
08/06/2026 20:47:00,0.0207,-0.0844,-0.0592
08/06/2026 20:48:00,0.0338,-0.1041,-0.0859
08/06/2026 20:49:00,0.0425,-0.1073,-0.0789
08/06/2026 20:50:00,0.0389,-0.0931,-0.0637
08/06/2026 20:51:00,0.0559,-0.1064,-0.0739
08/06/2026 20:52:00,-0.0051,-0.1834,-0.1611
08/06/2026 20:53:00,-0.0225,-0.2097,-0.1613
08/06/2026 20:54:00,-0.0412,-0.1871,-0.1507
08/06/2026 20:55:00,-0.0256,-0.1531,-0.1137
08/06/2026 20:56:00,0.0126,-0.096,-0.0617
08/06/2026 20:57:00,0.0217,-0.1272,-0.0934
08/06/2026 20:58:00,0.0231,-0.1201,-0.094
08/06/2026 20:59:00,-0.017,-0.1777,-0.1369
08/06/2026 21:00:00,-0.0354,-0.1737,-0.1325
08/06/2026 21:01:00,-0.0135,-0.1423,-0.1042
08/06/2026 21:02:00,-0.0174,-0.1498,-0.1114
08/06/2026 21:03:00,-0.0068,-0.1569,-0.1169
08/06/2026 21:04:00,0.0062,-0.1273,-0.0814
08/06/2026 21:05:00,0.0187,-0.1251,-0.0947
08/06/2026 21:06:00,0.0115,-0.1132,-0.0658
08/06/2026 21:07:00,0.0166,-0.1256,-0.0864
08/06/2026 21:08:00,-0.028,-0.1651,-0.1297
08/06/2026 21:09:00,-0.0178,-0.1727,-0.1495
08/06/2026 21:10:00,-0.0309,-0.1962,-0.1681
08/06/2026 21:11:00,-0.0559,-0.1943,-0.1579
08/06/2026 21:12:00,-0.0614,-0.1935,-0.1455
08/06/2026 21:13:00,-0.0799,-0.1843,-0.1349
08/06/2026 21:14:00,-0.0898,-0.2303,-0.1858
08/06/2026 21:15:00,-0.1001,-0.234,-0.1861
08/06/2026 21:16:00,-0.0832,-0.1976,-0.1457
08/06/2026 21:17:00,-0.0631,-0.1785,-0.1369
08/06/2026 21:18:00,-0.0781,-0.1815,-0.143
08/06/2026 21:19:00,-0.1003,-0.2029,-0.1476
08/06/2026 21:20:00,-0.0696,-0.1932,-0.1449
08/06/2026 21:21:00,-0.0527,-0.1648,-0.1168
08/06/2026 21:22:00,-0.0773,-0.1817,-0.1297
08/06/2026 21:23:00,-0.0686,-0.1786,-0.1307
08/06/2026 21:24:00,-0.0425,-0.1646,-0.1182
08/06/2026 21:25:00,-0.0754,-0.1795,-0.1388
08/06/2026 21:26:00,-0.1202,-0.2794,-0.2284
08/06/2026 21:27:00,-0.1759,-0.2788,-0.2252
08/06/2026 21:28:00,-0.1833,-0.2682,-0.2156
08/06/2026 21:29:00,-0.1348,-0.2592,-0.2064
08/06/2026 21:30:00,-0.096,-0.2241,-0.1666
08/06/2026 21:31:00,-0.0888,-0.19,-0.1403
08/06/2026 21:32:00,-0.0891,-0.1647,-0.1066
08/06/2026 21:33:00,-0.0582,-0.1644,-0.1164
08/06/2026 21:34:00,-0.0984,-0.2235,-0.1816
08/06/2026 21:35:00,-0.1114,-0.2206,-0.1624
08/06/2026 21:36:00,-0.1035,-0.2092,-0.1532
08/06/2026 21:37:00,-0.0828,-0.1763,-0.1255
08/06/2026 21:38:00,-0.1001,-0.2059,-0.1634
08/06/2026 21:39:00,-0.0968,-0.2171,-0.1699
08/06/2026 21:40:00,-0.0755,-0.201,-0.146
08/06/2026 21:41:00,-0.0863,-0.1931,-0.1515
08/06/2026 21:42:00,-0.0738,-0.1845,-0.1454
08/06/2026 21:43:00,-0.0699,-0.2042,-0.1662
08/06/2026 21:44:00,-0.1233,-0.2637,-0.2269
08/06/2026 21:45:00,-0.139,-0.2577,-0.2051
08/06/2026 21:46:00,-0.1097,-0.236,-0.1813
08/06/2026 21:47:00,-0.0949,-0.1947,-0.135
08/06/2026 21:48:00,-0.0615,-0.1795,-0.1309
08/06/2026 21:49:00,-0.0849,-0.1778,-0.1253
08/06/2026 21:50:00,-0.0648,-0.1557,-0.113
08/06/2026 21:51:00,-0.0424,-0.1635,-0.1306
08/06/2026 21:52:00,-0.0161,-0.1521,-0.1067
08/06/2026 21:53:00,-0.0287,-0.1233,-0.0851
08/06/2026 21:54:00,-0.0118,-0.109,-0.0688
08/06/2026 21:55:00,-0.0132,-0.1185,-0.0843
08/06/2026 21:56:00,-0.0476,-0.1811,-0.1434
08/06/2026 21:57:00,-0.0701,-0.1857,-0.1507
08/06/2026 21:58:00,-0.0403,-0.1591,-0.1177
08/06/2026 21:59:00,-0.0247,-0.1414,-0.1051
08/06/2026 22:00:00,-0.0646,-0.1655,-0.1127
08/06/2026 22:01:00,-0.041,-0.1539,-0.0992
08/06/2026 22:02:00,-0.0202,-0.1273,-0.0874
08/06/2026 22:03:00,-0.0355,-0.1361,-0.1002
08/06/2026 22:04:00,-0.0283,-0.1495,-0.1215
08/06/2026 22:05:00,-0.0345,-0.1427,-0.111
08/06/2026 22:06:00,-0.0558,-0.1423,-0.1099
08/06/2026 22:07:00,-0.0207,-0.1428,-0.107
08/06/2026 22:08:00,-0.0377,-0.1369,-0.1034
08/06/2026 22:09:00,-0.0478,-0.1141,-0.0657
08/06/2026 22:10:00,-0.0185,-0.1244,-0.0914
08/06/2026 22:11:00,-0.0294,-0.1552,-0.1137
08/06/2026 22:12:00,-0.0042,-0.1309,-0.0891
08/06/2026 22:13:00,-0.0381,-0.1369,-0.1034
08/06/2026 22:14:00,-0.0712,-0.1459,-0.109
08/06/2026 22:15:00,-0.0574,-0.1623,-0.1172
08/06/2026 22:16:00,-0.0202,-0.1522,-0.1232
08/06/2026 22:17:00,-0.0223,-0.1695,-0.1352
08/06/2026 22:18:00,-0.0412,-0.1738,-0.1326
08/06/2026 22:19:00,-0.0418,-0.1833,-0.1555
08/06/2026 22:20:00,-0.03,-0.1575,-0.1261
08/06/2026 22:21:00,-0.0537,-0.1543,-0.1129
08/06/2026 22:22:00,-0.0572,-0.1727,-0.1432
08/06/2026 22:23:00,-0.0558,-0.1631,-0.1344
08/06/2026 22:24:00,-0.0493,-0.1683,-0.1284
08/06/2026 22:25:00,-0.056,-0.1757,-0.1442
08/06/2026 22:26:00,-0.0591,-0.1657,-0.1225
08/06/2026 22:27:00,-0.0712,-0.161,-0.117
08/06/2026 22:28:00,-0.0455,-0.1499,-0.1087
08/06/2026 22:29:00,-0.0032,-0.143,-0.1031
08/06/2026 22:30:00,-0.0448,-0.1423,-0.1005
08/06/2026 22:31:00,0.0226,-0.0825,-0.0434
08/06/2026 22:32:00,0.1161,0.0212,-0.0117
08/06/2026 22:33:00,0.0259,-0.0099,-0.0132
08/06/2026 22:34:00,0.0246,0.0239,-0.0324
08/06/2026 22:35:00,0.0703,0.0676,0.0364
08/06/2026 22:36:00,0.0795,0.0089,-0.002
08/06/2026 22:37:00,0.0753,-0.0207,-0.016
08/06/2026 22:38:00,0.0743,-0.0434,-0.0448
08/06/2026 22:39:00,0.0458,-0.0611,-0.0433
08/06/2026 22:40:00,0.0239,-0.0716,-0.0521
08/06/2026 22:41:00,0.035,-0.0819,-0.0522
08/06/2026 22:42:00,0.0445,-0.0556,-0.0362
08/06/2026 22:43:00,0.034,-0.0795,-0.0504
08/06/2026 22:44:00,0.043,-0.113,-0.074
08/06/2026 22:45:00,0.0237,-0.1192,-0.0654
08/06/2026 22:46:00,0.0028,-0.1542,-0.1278
08/06/2026 22:47:00,-0.0069,-0.2021,-0.1583
08/06/2026 22:48:00,0.001,-0.1538,-0.1352
08/06/2026 22:49:00,-0.006,-0.1293,-0.0805
08/06/2026 22:50:00,-0.0019,-0.1313,-0.0756
08/06/2026 22:51:00,0.0558,-0.0968,-0.0614
08/06/2026 22:52:00,0.036,-0.1355,-0.1025
08/06/2026 22:53:00,0.0104,-0.18,-0.1266
08/06/2026 22:54:00,-0.0023,-0.1475,-0.0967
08/06/2026 22:55:00,0.0073,-0.1297,-0.0944
08/06/2026 22:56:00,0.0042,-0.1583,-0.1181
08/06/2026 22:57:00,-0.0221,-0.2021,-0.1552
08/06/2026 22:58:00,-0.0279,-0.1521,-0.0907
08/06/2026 22:59:00,0.0348,-0.1156,-0.0695
08/06/2026 23:00:00,0.024,-0.115,-0.0804
08/06/2026 23:01:00,0.0188,-0.1123,-0.0681
08/06/2026 23:02:00,0.0605,-0.081,-0.0403
08/06/2026 23:03:00,0.0747,-0.0452,-0.0177
08/06/2026 23:04:00,0.0912,-0.0465,-0.0247
08/06/2026 23:05:00,0.075,-0.054,-0.0324
08/06/2026 23:06:00,0.0097,-0.0611,-0.019
08/06/2026 23:07:00,0.0611,-0.0478,-0.0198
08/06/2026 23:08:00,0.0716,-0.0695,-0.0428
08/06/2026 23:09:00,0.0716,-0.0604,-0.0335
08/06/2026 23:10:00,0.0304,-0.058,-0.0301
08/06/2026 23:11:00,0.053,-0.0672,-0.0361
08/06/2026 23:12:00,0.0453,-0.0456,-0.0154
08/06/2026 23:13:00,0.0774,-0.056,-0.0354
08/06/2026 23:14:00,0.0526,-0.0703,-0.0401
08/06/2026 23:15:00,0.0204,-0.0845,-0.0473
08/06/2026 23:16:00,0.0247,-0.0902,-0.0597
08/06/2026 23:17:00,0.0345,-0.1132,-0.0982
08/06/2026 23:18:00,0.0056,-0.1298,-0.1069
08/06/2026 23:19:00,-0.0129,-0.1422,-0.1178
08/06/2026 23:20:00,0.015,-0.1538,-0.1235
08/06/2026 23:21:00,-0.0064,-0.1392,-0.111
08/06/2026 23:22:00,-0.0129,-0.1466,-0.1162
08/06/2026 23:23:00,-0.0015,-0.1216,-0.0849
08/06/2026 23:24:00,0.0057,-0.0931,-0.0568
08/06/2026 23:25:00,0.0191,-0.1054,-0.0664
08/06/2026 23:26:00,0.0263,-0.1102,-0.0901
08/06/2026 23:27:00,-0.0196,-0.1674,-0.1441
08/06/2026 23:28:00,-0.0313,-0.2366,-0.2023
08/06/2026 23:29:00,-0.0388,-0.2116,-0.1673
08/06/2026 23:30:00,-0.0464,-0.1884,-0.1435
08/06/2026 23:31:00,-0.027,-0.1861,-0.1473
08/06/2026 23:32:00,-0.028,-0.1561,-0.1171
08/06/2026 23:33:00,-0.0412,-0.1468,-0.1041
08/06/2026 23:34:00,-0.0218,-0.1335,-0.0997
08/06/2026 23:35:00,-0.042,-0.1419,-0.1014
08/06/2026 23:36:00,-0.0303,-0.1373,-0.09
08/06/2026 23:37:00,-0.0027,-0.1367,-0.1056
08/06/2026 23:38:00,-0.0103,-0.1475,-0.117
08/06/2026 23:39:00,-0.0431,-0.109,-0.0707
08/06/2026 23:40:00,-0.0182,-0.1016,-0.0584
08/06/2026 23:41:00,-0.0024,-0.1044,-0.077
08/06/2026 23:42:00,-0.0034,-0.1067,-0.076
08/06/2026 23:43:00,0.0692,-0.0878,-0.0661
08/06/2026 23:44:00,0.0748,-0.0759,-0.0608
08/06/2026 23:45:00,0.0756,-0.0796,-0.0563
08/06/2026 23:46:00,0.06,-0.0784,-0.0576
08/06/2026 23:47:00,0.0688,-0.0742,-0.0521
08/06/2026 23:48:00,0.0751,-0.0769,-0.06
08/06/2026 23:49:00,0.0443,-0.0896,-0.0639
08/06/2026 23:50:00,0.097,-0.0655,-0.0534
08/06/2026 23:51:00,0.0702,-0.0754,-0.0526
08/06/2026 23:52:00,0.0578,-0.0988,-0.0784
08/06/2026 23:53:00,0.0645,-0.1073,-0.0974
08/06/2026 23:54:00,0.0526,-0.1049,-0.0838
08/06/2026 23:55:00,0.0251,-0.12,-0.0952
08/06/2026 23:56:00,0.0325,-0.12,-0.098
08/06/2026 23:57:00,-0.0182,-0.1442,-0.1059
08/06/2026 23:58:00,-0.0585,-0.1424,-0.0918
08/06/2026 23:59:00,-0.042,-0.1431,-0.1226
